Surname,Name,MiddleName,BirthDate,PassportNumber,Description
Аксенов,Дмитрий,Васильевич,03/16/1961 00:00:00,4279539637,a4dd0e87
Белоусова,София,Олеговна,07/21/1979 00:00:00,4648166373,21b17b3d
Демина,Мирослава,Максимовна,03/23/1956 00:00:00,4634560775,13f7a81f
Дьякова,Ксения,Петровна,05/31/1959 00:00:00,4923012149,acdb6008
Евдокимова,Вера,Владиславовна,04/15/1955 00:00:00,4823322146,b6d1b0e7
Емельянов,Семён,Владимирович,07/11/1967 00:00:00,4017689863,f558f3c6
Ефимова,Таисия,Сергеевна,04/20/1976 00:00:00,4843740765,17304632
Зайцева,Полина,Владимировна,09/19/1954 00:00:00,4706112200,b877c096
Казакова,Василиса,Кирилловна,11/02/1991 00:00:00,4528390182,336a7cb6
Киреева,Виктория,Ивановна,03/26/1959 00:00:00,4782075836,098b67e8
Киселев,Георгий,Тимурович,04/17/1994 00:00:00,4448536542,8431a529
Кондратьева,Василиса,Львовна,01/26/1967 00:00:00,4554874645,d4916696
Крылов,Фёдор,Даниилович,07/04/1967 00:00:00,4963943727,bdf39c31
Максимов,Никита,Владимирович,03/12/1978 00:00:00,4770159069,9db5bff2
Маслов,Дмитрий,Алексеевич,12/13/1986 00:00:00,4875082969,c689b249
Морозова,Мария,Демидовна,11/08/1989 00:00:00,4905996319,55a2bedc
Муравьев,Михаил,Матвеевич,06/27/1992 00:00:00,4392389082,441e9057
Новикова,Мария,Андреевна,01/06/1992 00:00:00,4905157137,04a24b92
Осипов,Евгений,Максимович,10/18/1974 00:00:00,4717240406,b35d957e
Осипова,Вероника,Дмитриевна,12/23/1986 00:00:00,4912639557,768371a8
Попова,Алиса,Дмитриевна,01/07/1957 00:00:00,4366578307,66e82f01
Смирнова,Екатерина,Григорьевна,01/27/1986 00:00:00,4388939879,0a5c15d3
Смирнова,Полина,Тимуровна,03/17/1975 00:00:00,4483236245,5652cda2
Ульянова,Мария,Данииловна,07/07/1973 00:00:00,4256246410,58952c43
Широкова,Вера,Фёдоровна,10/25/1950 00:00:00,4604531082,e7daedad
Щербаков,Алексей,Алексеевич,09/18/1959 00:00:00,4703639355,5afcd606
Щербакова,Мила,Андреевна,02/08/1958 00:00:00,4038145271,2b4420e1
Яковлев,Сергей,Александрович,04/25/2000 00:00:00,4937840010,8d039991
