Абрамов,Владислав,Даниилович
Абрамов,Александр,Матвеевич
Абрамова,София,Олеговна
Абрамова,Арина,Владиславовна
Агеева,Ева,Львовна
Аксенов,Филипп,Ильич
Аксенов,Дмитрий,Васильевич
Аксенов,Мирон,Артёмович
Александров,Михаил,Ильич
Александров,Максим,Георгиевич
Александров,Леон,Иванович
Александров,Никита,Алексеевич
Александрова,Анна,Егоровна
Алексеев,Алексей,Фёдорович
Алексеева,Арина,Никитична
Алексеева,Анастасия,Викторовна
Алексеева,Алина,Леонидовна
Андреев,Георгий,Елисеевич
Андреева,Злата,Данииловна
Андреева,Анна,Артёмовна
Андреева,Елизавета,Максимовна
Андреева,Мария,Ивановна
Андрианова,Елизавета,Львовна
Андрианова,София,Максимовна
Анисимов,Владислав,Захарович
Анисимова,Ульяна,Тимуровна
Антонов,Лев,Максимович
Антонов,Филипп,Семёнович
Антонов,Дмитрий,Андреевич
Антонова,Василиса,Антоновна
Артемова,Валерия,Николаевна
Архипов,Артём,Вячеславович
Архипов,Анатолий,Игоревич
Архипова,Ева,Вадимовна
Архипова,Анастасия,Викторовна
Астафьева,Вера,Яковлевна
Астахов,Матвей,Маркович
Афанасьев,Артём,Егорович
Афанасьева,Арина,Александровна
Афанасьева,Вероника,Андреевна
Афанасьева,Полина,Савельевна
Бабушкина,Вероника,Владимировна
Балашов,Владимир,Ярославович
Балашов,Даниил,Матвеевич
Баранов,Демид,Сергеевич
Баранов,Иван,Максимович
Баранова,Дарья,Матвеевна
Баранова,Виктория,Александровна
Баранова,София,Александровна
Басова,София,Максимовна
Беликов,Никита,Кириллович
Белов,Лев,Владиславович
Белова,Мария,Егоровна
Белова,Арина,Вадимовна
Белова,Анастасия,Максимовна
Белоусов,Илья,Александрович
Белоусова,Татьяна,Романовна
Белоусова,София,Олеговна
Беляев,Артём,Миронович
Беляев,Иван,Иванович
Беляев,Макар,Владимирович
Беляев,Олег,Дмитриевич
Беляева,Диана,Тимофеевна
Беляева,Арина,Ивановна
Белякова,Варвара,Владиславовна
Березин,Георгий,Павлович
Березин,Никита,Григорьевич
Бессонова,Полина,Андреевна
Бирюкова,Вероника,Данииловна
Бирюкова,Варвара,Сергеевна
Бирюкова,Арина,Павловна
Блинов,Дмитрий,Даниилович
Блинова,Зоя,Алексеевна
Блохина,Виктория,Владимировна
Бобров,Александр,Даниилович
Боброва,Анастасия,Дмитриевна
Богданов,Александр,Константинович
Богданова,Елизавета,Никитична
Богомолова,Елизавета,Константиновна
Богомолова,Алиса,Саввична
Борисов,Даниил,Владимирович
Борисов,Сергей,Егорович
Борисов,Анатолий,Михайлович
Борисова,Ангелина,Евгеньевна
Борисова,Алина,Данииловна
Бородин,Пётр,Артёмович
Бочаров,Владимир,Сергеевич
Бочаров,Лев,Романович
Бочаров,Даниил,Алексеевич
Бочаров,Леон,Богданович
Булатова,Вера,Павловна
Бурова,Екатерина,Демидовна
Быков,Иван,Иванович
Быков,Кирилл,Михайлович
Васильев,Леон,Артемьевич
Васильев,Семён,Ильич
Васильев,Константин,Миронович
Васильев,Александр,Георгиевич
Васильева,Арина,Артёмовна
Васильева,Кира,Марковна
Васильева,Анастасия,Артёмовна
Васильева,Алиса,Данииловна
Васильева,Алиса,Романовна
Верещагина,Екатерина,Ярославовна
Верещагина,Кристина,Романовна
Виноградов,Тимофей,Кириллович
Виноградова,Мия,Александровна
Виноградова,Анна,Максимовна
Владимиров,Фёдор,Миронович
Владимирова,Ева,Андреевна
Волков,Тимофей,Михайлович
Волков,Матвей,Ильич
Волков,Алексей,Тихонович
Волкова,Анна,Егоровна
Волкова,Алиса,Денисовна
Волкова,Варвара,Вячеславовна
Волкова,София,Артёмовна
Волкова,Алина,Матвеевна
Волкова,Ирина,Максимовна
Волкова,Александра,Леонидовна
Волкова,Олеся,Романовна
Волкова,София,Марковна
Волкова,София,Матвеевна
Воробьев,Максим,Григорьевич
Воробьев,Вячеслав,Артёмович
Воробьева,Варвара,Артёмовна
Воронина,Виктория,Михайловна
Воронкова,Александра,Марковна
Воронов,Георгий,Викторович
Воронов,Семён,Германович
Воронова,Алиса,Ивановна
Воронцова,Александра,Тимуровна
Гаврилов,Андрей,Даниилович
Гаврилов,Адам,Андреевич
Гаврилов,Никита,Ярославович
Гаврилов,Даниил,Захарович
Гаврилова,Екатерина,Андреевна
Гаврилова,Вера,Андреевна
Гаврилова,Виктория,Всеволодовна
Гаврилова,София,Владиславовна
Галкина,Зоя,Григорьевна
Герасимов,Ярослав,Артёмович
Герасимов,Владислав,Кириллович
Герасимов,Юрий,Богданович
Герасимова,Таисия,Александровна
Глебова,Екатерина,Артемьевна
Глухова,Александра,Максимовна
Голиков,Александр,Максимович
Голованова,Валерия,Артуровна
Головин,Елисей,Максимович
Головин,Иван,Михайлович
Голубев,Матвей,Львович
Голубев,Артур,Максимович
Голубева,Анастасия,Адамовна
Голубева,Дарья,Андреевна
Гончаров,Максим,Филиппович
Гончаров,Матвей,Иванович
Горбунов,Андрей,Олегович
Гордеев,Владислав,Андреевич
Горохов,Арсений,Михайлович
Горохов,Кирилл,Васильевич
Горюнова,Алиса,Тимофеевна
Грачева,Арина,Романовна
Грачева,Анастасия,Фёдоровна
Грачева,Александра,Тимофеевна
Григорьев,Михаил,Егорович
Григорьев,Тимофей,Даниилович
Григорьева,Варвара,Кирилловна
Григорьева,Майя,Тимофеевна
Григорьева,Алиса,Антоновна
Григорьева,Алёна,Фёдоровна
Гришин,Игорь,Артёмович
Гришина,София,Константиновна
Громов,Фёдор,Константинович
Громова,Дарья,Юрьевна
Губанова,Анастасия,Антоновна
Гуляев,Яков,Фёдорович
Гуляев,Лев,Елисеевич
Гуляева,Ева,Александровна
Гусев,Артемий,Никитич
Гусев,Даниил,Мирославович
Гусев,Артём,Дмитриевич
Гусева,Александра,Павловна
Гусева,София,Михайловна
Гусева,Ксения,Руслановна
Гусева,Злата,Тимуровна
Давыдов,Максим,Иванович
Давыдов,Даниил,Матвеевич
Давыдов,Сергей,Даниилович
Давыдов,Павел,Никитич
Давыдов,Артур,Андреевич
Давыдова,Алиса,Александровна
Давыдова,Ева,Ивановна
Данилов,Даниил,Сергеевич
Данилов,Михаил,Глебович
Данилова,Ангелина,Николаевна
Данилова,Полина,Робертовна
Данилова,Анастасия,Тимуровна
Дементьев,Пётр,Андреевич
Дементьева,Анастасия,Савельевна
Демидов,Тимур,Максимович
Демидова,Анастасия,Семёновна
Демидова,Екатерина,Романовна
Демидова,Елизавета,Артемьевна
Демина,Мирослава,Максимовна
Денисов,Степан,Борисович
Денисов,Ярослав,Даниилович
Денисов,Кирилл,Ярославович
Денисов,Андрей,Павлович
Дмитриев,Матвей,Юрьевич
Дмитриева,Елизавета,Ярославовна
Дмитриева,Алиса,Львовна
Дмитриева,Екатерина,Андреевна
Добрынин,Даниил,Романович
Долгова,Полина,Ярославовна
Долгова,Дарья,Александровна
Дорофеев,Ярослав,Матвеевич
Дорохова,Елизавета,Артёмовна
Дроздова,Вера,Львовна
Дубинина,Алёна,Артемьевна
Дубова,Таисия,Артёмовна
Дубова,Юлия,Никитична
Дьякова,Ксения,Петровна
Евдокимова,Вера,Владиславовна
Евдокимова,Милана,Андреевна
Евдокимова,Мария,Григорьевна
Егоров,Евгений,Борисович
Егоров,Юрий,Даниилович
Егоров,Илья,Степанович
Егоров,Матвей,Львович
Егоров,Евгений,Даниилович
Егорова,Алиса,Ивановна
Егорова,Ева,Артёмовна
Егорова,Виктория,Романовна
Егорова,Ульяна,Максимовна
Егорова,Евгения,Марковна
Егорова,София,Владимировна
Егорова,Анна,Артёмовна
Егорова,Арина,Владиславовна
Егорова,Мария,Артемьевна
Елизаров,Владимир,Николаевич
Елисеев,Лука,Михайлович
Емельянов,Владислав,Артёмович
Емельянов,Андрей,Дмитриевич
Емельянов,Семён,Владимирович
Емельянова,София,Марковна
Емельянова,Василиса,Максимовна
Ермаков,Тимофей,Петрович
Ермаков,Денис,Васильевич
Ермаков,Богдан,Алексеевич
Ермакова,Елизавета,Марковна
Ермакова,Анастасия,Мироновна
Ермолаева,Александра,Григорьевна
Ермолова,Екатерина,Кирилловна
Ермолова,София,Романовна
Ершова,Анна,Данииловна
Ефимов,Артём,Ильич
Ефимов,Владимир,Максимович
Ефимов,Роман,Даниилович
Ефимова,Таисия,Сергеевна
Ефремов,Павел,Алексеевич
Жаров,Виктор,Борисович
Жилина,Зоя,Артёмовна
Жуков,Артур,Николаевич
Жуков,Даниил,Ильич
Жукова,Ольга,Александровна
Журавлева,Юлия,Михайловна
Журавлева,Алёна,Кирилловна
Завьялов,Иван,Артёмович
Завьялов,Дмитрий,Юрьевич
Завьялова,Мария,Арсеньевна
Зайцев,Тимур,Артёмович
Зайцев,Мирон,Андреевич
Зайцев,Николай,Артёмович
Зайцев,Богдан,Артёмович
Зайцев,Павел,Артемьевич
Зайцев,Иван,Павлович
Зайцева,Анастасия,Андреевна
Зайцева,Полина,Данииловна
Зайцева,Вера,Артёмовна
Зайцева,Дарья,Вадимовна
Зайцева,Ксения,Вадимовна
Зайцева,Виктория,Арсеньевна
Зайцева,Полина,Владимировна
Захаров,Герман,Лукич
Захаров,Мирон,Владимирович
Захаров,Алексей,Иванович
Захаров,Максим,Миронович
Захаров,Юрий,Савельевич
Захаров,Владимир,Михайлович
Захаров,Тимур,Егорович
Захарова,Александра,Артемьевна
Захарова,Анастасия,Васильевна
Захарова,Валерия,Романовна
Захарова,София,Мирославовна
Захарова,Евгения,Степановна
Захарова,Варвара,Денисовна
Захарова,Виктория,Константиновна
Зверев,Александр,Фёдорович
Зверева,Алиса,Дмитриевна
Звягинцева,Полина,Александровна
Злобина,Анна,Кирилловна
Золотов,Павел,Алексеевич
Зорин,Григорий,Дмитриевич
Зотова,Варвара,Михайловна
Зубков,Александр,Егорович
Зубкова,Полина,Романовна
Зубкова,Дарья,Кирилловна
Зубов,Матвей,Александрович
Зубова,Алёна,Андреевна
Зуев,Илья,Макарович
Зуев,Матвей,Александрович
Зуева,Василиса,Егоровна
Иванов,Вячеслав,Евгеньевич
Иванов,Виктор,Фёдорович
Иванов,Борис,Георгиевич
Иванов,Павел,Дмитриевич
Иванов,Алексей,Артёмович
Иванов,Максим,Михайлович
Иванов,Никита,Романович
Иванов,Ярослав,Иванович
Иванов,Марк,Максимович
Иванов,Алексей,Святославович
Иванова,Александра,Кирилловна
Иванова,Татьяна,Александровна
Иванова,Ангелина,Васильевна
Иванова,Надежда,Саввична
Иванова,Валерия,Павловна
Иванова,Мила,Арсеньевна
Иванова,Дарья,Леонидовна
Иванова,Виктория,Артуровна
Иванова,Евгения,Алексеевна
Иванова,Дарья,Данииловна
Иванова,София,Борисовна
Иванова,Ева,Евгеньевна
Иванова,Вероника,Максимовна
Иванова,Арина,Романовна
Игнатова,Василиса,Артуровна
Игнатьев,Арсений,Матвеевич
Игнатьев,Платон,Александрович
Игнатьева,София,Михайловна
Игнатьева,Вероника,Артёмовна
Ильин,Максим,Даниилович
Ильин,Егор,Романович
Ильина,Полина,Савельевна
Ильина,Татьяна,Михайловна
Ильина,Анна,Романовна
Ильина,Таисия,Артемьевна
Ильинский,Артём,Георгиевич
Исаев,Андрей,Александрович
Исаева,Александра,Львовна
Исаева,Дарья,Борисовна
Исаков,Михаил,Егорович
Казаков,Леонид,Ярославович
Казаков,Михаил,Матвеевич
Казакова,Василиса,Кирилловна
Калинин,Олег,Александрович
Калинина,Вероника,Лукинична
Калинина,Мирослава,Антоновна
Калинина,Владислава,Георгиевна
Калинина,Варвара,Артёмовна
Карасева,Елизавета,Михайловна
Карпов,Максим,Фёдорович
Карпов,Павел,Мирославович
Карпова,Анна,Гордеевна
Карпова,Анастасия,Кирилловна
Киреева,Виктория,Ивановна
Киселев,Георгий,Тимурович
Киселев,Тимофей,Даниилович
Киселев,Артём,Арсеньевич
Киселев,Роман,Тимурович
Киселева,София,Григорьевна
Киселева,София,Васильевна
Киселева,Алиса,Глебовна
Климов,Марк,Глебович
Князева,Ксения,Игоревна
Ковалев,Михаил,Глебович
Ковалев,Олег,Кириллович
Ковалев,Артём,Ильич
Ковалева,Анна,Дмитриевна
Ковалева,Алиса,Леонидовна
Ковалева,Ирина,Егоровна
Ковалева,Александра,Алексеевна
Козин,Платон,Максимович
Козина,Анастасия,Ивановна
Козлов,Ярослав,Ильич
Козлов,Иван,Константинович
Козлов,Артём,Тимофеевич
Козлов,Максим,Русланович
Козлова,Василиса,Артёмовна
Козлова,Ева,Егоровна
Козлова,Полина,Марковна
Козлова,Анастасия,Денисовна
Козлова,Кира,Марковна
Козлова,Ульяна,Ильинична
Козлова,Майя,Глебовна
Колесников,Максим,Георгиевич
Колосова,Ника,Алексеевна
Колосова,Алиса,Александровна
Кольцова,Валерия,Арсеньевна
Комарова,Ульяна,Гордеевна
Комарова,Ника,Вячеславовна
Комиссарова,Кристина,Максимовна
Кондратова,Ева,Артёмовна
Кондратьев,Алексей,Павлович
Кондратьева,Александра,Станиславовна
Кондратьева,Василиса,Львовна
Кондрашов,Пётр,Иванович
Коновалов,Александр,Фёдорович
Коновалова,Екатерина,Алексеевна
Константинова,Ева,Александровна
Копылов,Артём,Лукич
Копылова,Алина,Матвеевна
Копылова,Анна,Артёмовна
Коровина,Екатерина,Алексеевна
Королев,Николай,Денисович
Королев,Семён,Никитич
Королев,Ярослав,Матвеевич
Королев,Даниил,Николаевич
Королев,Артём,Дмитриевич
Королев,Артём,Степанович
Корольков,Александр,Максимович
Коротков,Даниил,Арсеньевич
Коротков,Олег,Леонидович
Короткова,Алиса,Михайловна
Короткова,Таисия,Никитична
Коршунов,Георгий,Дмитриевич
Коршунова,Вероника,Дмитриевна
Косарев,Александр,Дмитриевич
Котов,Всеволод,Александрович
Котов,Леонид,Никитич
Котов,Тимофей,Романович
Котова,Варвара,Георгиевна
Котова,Мария,Ивановна
Кочеткова,Вера,Степановна
Кравцова,Ульяна,Максимовна
Краснов,Роман,Артёмович
Круглов,Марк,Андреевич
Круглов,Алексей,Дмитриевич
Круглов,Сергей,Львович
Крылов,Фёдор,Даниилович
Крылова,Варвара,Артёмовна
Крылова,Ксения,Леонидовна
Крюков,Виктор,Егорович
Крючкова,Анна,Арсеньевна
Кудрявцев,Егор,Кириллович
Кудрявцева,Елизавета,Вячеславовна
Кудряшов,Александр,Семёнович
Кудряшов,Алексей,Кириллович
Кудряшова,Диана,Макаровна
Кузин,Кирилл,Иванович
Кузин,Дмитрий,Константинович
Кузнецов,Алексей,Максимович
Кузнецов,Марк,Миронович
Кузнецов,Павел,Маркович
Кузнецов,Георгий,Константинович
Кузнецов,Дмитрий,Алексеевич
Кузнецов,Роман,Андреевич
Кузнецов,Павел,Даниилович
Кузнецов,Елисей,Игоревич
Кузнецов,Савва,Германович
Кузнецов,Александр,Сергеевич
Кузнецова,Кира,Артёмовна
Кузнецова,Кристина,Ивановна
Кузнецова,Ольга,Артёмовна
Кузнецова,Арина,Артёмовна
Кузнецова,Вероника,Ивановна
Кузнецова,Василиса,Глебовна
Кузнецова,Ксения,Матвеевна
Кузнецова,Мария,Глебовна
Кузнецова,Анна,Захаровна
Кузьмина,Арина,Кирилловна
Кузьмина,Елизавета,Александровна
Кузьмина,Вероника,Кирилловна
Кулешова,Василиса,Богдановна
Куликова,София,Тимофеевна
Лавров,Дмитрий,Макарович
Лаврова,Ангелина,Александровна
Лазарев,Даниил,Артурович
Лазарев,Константин,Тимурович
Лапшин,Кирилл,Львович
Лапшина,Юлия,Никитична
Ларин,Роман,Тимофеевич
Ларионов,Максим,Даниилович
Ларионова,Таисия,Максимовна
Латышев,Павел,Егорович
Лебедев,Роман,Ильич
Лебедев,Илья,Павлович
Лебедева,Кристина,Денисовна
Лебедева,Вероника,Романовна
Лебедева,Вера,Владиславовна
Лебедева,Варвара,Максимовна
Левин,Степан,Александрович
Левин,Ярослав,Дмитриевич
Левин,Фёдор,Егорович
Левина,Юлия,Дмитриевна
Леонов,Владислав,Львович
Леонов,Иван,Владиславович
Леонов,Михаил,Артёмович
Леонова,София,Степановна
Леонова,Василиса,Григорьевна
Леонтьева,Екатерина,Артёмовна
Литвинова,София,Кирилловна
Лобанов,Савелий,Андреевич
Лобанова,Екатерина,Александровна
Лосев,Павел,Богданович
Лукьянова,Дарья,Романовна
Лыков,Мирон,Григорьевич
Львова,Елизавета,Платоновна
Любимов,Владислав,Кириллович
Майоров,Лев,Маркович
Майорова,Елизавета,Алексеевна
Макаров,Владислав,Тихонович
Макаров,Тимур,Даниилович
Макаров,Артемий,Иванович
Макарова,Алиса,Михайловна
Макарова,Ольга,Мирославовна
Максимов,Ян,Ярославович
Максимов,Вячеслав,Львович
Максимов,Никита,Владимирович
Максимова,Варвара,Владиславовна
Максимова,Екатерина,Ильинична
Максимова,Валерия,Андреевна
Максимова,Виктория,Олеговна
Максимова,Полина,Данииловна
Максимова,Ксения,Егоровна
Малышев,Михаил,Дмитриевич
Малышев,Константин,Артёмович
Малышев,Егор,Матвеевич
Малышева,Таисия,Елисеевна
Малышева,Елизавета,Артёмовна
Марков,Николай,Андреевич
Маркова,Варвара,Платоновна
Маркова,Виктория,Александровна
Маркова,Виктория,Марковна
Мартынова,Александра,Тимофеевна
Масленников,Александр,Александрович
Масленникова,Маргарита,Константиновна
Маслов,Дмитрий,Алексеевич
Маслов,Алексей,Тимурович
Маслова,Елизавета,Борисовна
Матвеев,Артём,Максимович
Матвеев,Илья,Даниилович
Матвеева,Елизавета,Ивановна
Матвеева,Алина,Максимовна
Матвеева,София,Вячеславовна
Медведев,Даниил,Сергеевич
Медведев,Максим,Константинович
Медведева,Полина,Георгиевна
Мельников,Андрей,Денисович
Мельников,Семён,Дмитриевич
Мельникова,Валерия,Денисовна
Мельникова,Валерия,Маратовна
Меркулов,Платон,Кириллович
Мещерякова,Анастасия,Кирилловна
Мещерякова,Елизавета,Фёдоровна
Минин,Андрей,Ильич
Минина,Мия,Владимировна
Миронов,Роберт,Дмитриевич
Миронов,Михаил,Даниилович
Миронова,Кира,Романовна
Миронова,София,Тимуровна
Миронова,Милена,Александровна
Митрофанов,Фёдор,Маркович
Митрофанова,София,Савельевна
Михайлов,Матвей,Богданович
Михайлов,Владислав,Гордеевич
Михайлов,Пётр,Иванович
Михайлов,Антон,Михайлович
Михайлова,Злата,Матвеевна
Михайлова,Елизавета,Ивановна
Михеева,Полина,Фёдоровна
Моисеев,Михаил,Артемьевич
Моисеева,Ева,Константиновна
Моргунова,Алёна,Егоровна
Моргунова,Кристина,Андреевна
Морозов,Сергей,Тимурович
Морозов,Демид,Сергеевич
Морозов,Егор,Маркович
Морозов,Михаил,Андреевич
Морозов,Илья,Константинович
Морозов,Денис,Арсеньевич
Морозова,Анна,Данииловна
Морозова,Мария,Демидовна
Морозова,Майя,Данииловна
Муравьев,Михаил,Матвеевич
Назаров,Вячеслав,Степанович
Назаров,Андрей,Михайлович
Назарова,Вероника,Игоревна
Назарова,Ева,Данииловна
Наумова,Ярослава,Артёмовна
Наумова,Мария,Макаровна
Некрасов,Марк,Георгиевич
Нестеров,Матвей,Александрович
Нестерова,Мария,Львовна
Нестерова,Екатерина,Савельевна
Нефедов,Артём,Григорьевич
Нефедов,Даниил,Егорович
Нечаев,Вячеслав,Даниилович
Нечаев,Дмитрий,Ильич
Нечаев,Артемий,Денисович
Нечаева,Вероника,Данииловна
Никитин,Сергей,Петрович
Никитин,Тимур,Павлович
Никитин,Максим,Борисович
Никитин,Александр,Тихонович
Никитина,Мария,Данииловна
Никитина,Варвара,Никитична
Никитина,Анна,Ивановна
Никифоров,Андрей,Андреевич
Никифоров,Никита,Даниилович
Никифоров,Иван,Романович
Николаев,Иван,Маркович
Николаев,Тимофей,Даниилович
Николаев,Глеб,Даниилович
Николаева,Вера,Владимировна
Николаева,Ксения,Мирославовна
Николаева,Милана,Никитична
Никольская,Арина,Александровна
Никонова,Анастасия,Леонидовна
Никулина,София,Никитична
Никулина,Анастасия,Ивановна
Новиков,Василий,Савельевич
Новиков,Александр,Андреевич
Новиков,Дмитрий,Даниилович
Новиков,Михаил,Юрьевич
Новиков,Артём,Иванович
Новиков,Дмитрий,Игоревич
Новикова,Александра,Георгиевна
Новикова,Елизавета,Михайловна
Новикова,Мария,Андреевна
Носков,Святослав,Русланович
Овсянникова,Полина,Лукинична
Овчинников,Егор,Александрович
Овчинникова,Мирослава,Степановна
Одинцов,Илья,Петрович
Олейников,Роман,Константинович
Орехова,Александра,Тимофеевна
Орехова,Варвара,Георгиевна
Орлов,Марк,Михайлович
Орлов,Егор,Дмитриевич
Орлов,Роман,Георгиевич
Орлов,Владислав,Алексеевич
Орлова,Вера,Вячеславовна
Орлова,Екатерина,Платоновна
Орлова,Алиса,Романовна
Осипов,Евгений,Максимович
Осипов,Ярослав,Александрович
Осипова,Александра,Денисовна
Осипова,Вероника,Дмитриевна
Павлов,Дмитрий,Вадимович
Павлов,Роман,Львович
Павлов,Ярослав,Дмитриевич
Павлов,Дмитрий,Георгиевич
Павлов,Семён,Ильич
Павлов,Артём,Васильевич
Павлов,Артём,Дмитриевич
Павлова,Варвара,Кирилловна
Павлова,Мария,Михайловна
Павлова,Алёна,Тимофеевна
Павлова,Елизавета,Ярославовна
Павлова,Ульяна,Глебовна
Панин,Павел,Дмитриевич
Панина,Полина,Григорьевна
Панина,Василиса,Владимировна
Панина,Мария,Игоревна
Панкова,Полина,Дмитриевна
Панов,Иван,Александрович
Панов,Даниил,Святославович
Пантелеева,Таисия,Ивановна
Парфенов,Роман,Даниилович
Парфенов,Егор,Павлович
Парфенова,Анна,Максимовна
Парфенова,Дарья,Евгеньевна
Пастухова,Виктория,Ярославовна
Пастухова,Анастасия,Георгиевна
Пахомов,Алексей,Евгеньевич
Пахомов,Максим,Александрович
Петров,Александр,Ильич
Петров,Артём,Георгиевич
Петров,Леон,Артёмович
Петров,Иван,Никитич
Петров,Сергей,Львович
Петров,Александр,Алексеевич
Петров,Ярослав,Артёмович
Петров,Олег,Богданович
Петров,Лев,Артёмович
Петров,Макар,Макарович
Петрова,Екатерина,Адамовна
Петрова,Арина,Тимофеевна
Петрова,Варвара,Николаевна
Петровский,Егор,Матвеевич
Петухов,Артём,Алексеевич
Петухов,Игорь,Арсеньевич
Петухов,Никита,Робертович
Петухов,Семён,Владимирович
Петухова,Ева,Алексеевна
Петухова,Анна,Данииловна
Пименов,Иван,Матвеевич
Пирогова,Ксения,Адамовна
Платонов,Даниил,Ярославович
Платонова,Таисия,Никитична
Плотникова,Арина,Тимуровна
Плотникова,Ирина,Святославовна
Плотникова,Анастасия,Константиновна
Покровская,Ева,Николаевна
Поликарпова,Александра,Максимовна
Поляков,Тимофей,Ильич
Поляков,Артём,Даниилович
Попов,Лука,Иванович
Попов,Илья,Кириллович
Попов,Владимир,Михайлович
Попов,Владимир,Григорьевич
Попов,Артём,Георгиевич
Попов,Владислав,Михайлович
Попов,Тимофей,Андреевич
Попов,Вадим,Львович
Попов,Игорь,Владимирович
Попов,Лев,Адамович
Попов,Денис,Егорович
Попова,Алиса,Дмитриевна
Попова,Антонина,Александровна
Попова,София,Данииловна
Попова,Зоя,Максимовна
Потапов,Кирилл,Миронович
Потапова,Ника,Артёмовна
Прокофьев,Игорь,Кириллович
Прокофьева,Марина,Михайловна
Прохоров,Андрей,Олегович
Прохоров,Герман,Владиславович
Прохорова,Анастасия,Ильинична
Прохорова,Полина,Тимофеевна
Прохорова,Кира,Артёмовна
Ракова,Яна,Павловна
Родина,Анастасия,Ивановна
Родионова,София,Ивановна
Родионова,София,Георгиевна
Рожкова,Валентина,Савельевна
Романов,Денис,Матвеевич
Романов,Леонид,Михайлович
Романов,Алексей,Артёмович
Романов,Тимофей,Андреевич
Романова,София,Тимуровна
Романова,Валерия,Георгиевна
Романова,Алёна,Савельевна
Романова,Дарья,Ильинична
Романова,Дарья,Львовна
Романова,Анна,Артёмовна
Рубцова,Елизавета,Михайловна
Рубцова,Маргарита,Леонидовна
Рудаков,Глеб,Михайлович
Руднева,Елизавета,Данииловна
Румянцева,Анна,Станиславовна
Рыбаков,Максим,Максимович
Рыбаков,Сергей,Дмитриевич
Рыбаков,Вадим,Львович
Рябов,Мирон,Иванович
Савельева,Вероника,Романовна
Савельева,Ксения,Александровна
Сазонова,Ева,Марковна
Сальников,Всеволод,Сергеевич
Самойлов,Леонид,Арсеньевич
Самойлов,Дмитрий,Андреевич
Самойлов,Денис,Степанович
Самойлова,Варвара,Дмитриевна
Сафонов,Марк,Матвеевич
Сахаров,Юрий,Егорович
Сахаров,Роман,Никитич
Сахаров,Даниил,Кириллович
Сахарова,Майя,Александровна
Свешникова,Александра,Александровна
Свешникова,Александра,Родионовна
Свиридова,Варвара,Артёмовна
Свиридова,София,Фёдоровна
Свиридова,Варвара,Тимофеевна
Севастьянов,Кирилл,Максимович
Седова,Любовь,Алексеевна
Селезнев,Роман,Иванович
Селезнева,Дарья,Вячеславовна
Селиванов,Марк,Григорьевич
Семенов,Михаил,Александрович
Семенов,Игорь,Миронович
Семенова,Ульяна,Борисовна
Семенова,Ксения,Александровна
Семенова,Виктория,Олеговна
Семенова,Кристина,Савельевна
Семенова,София,Артемьевна
Сергеев,Матвей,Ярославович
Сергеев,Илья,Артемьевич
Сергеев,Николай,Степанович
Сергеева,Елена,Георгиевна
Сергеева,Анна,Мироновна
Серебряков,Даниил,Михайлович
Серов,Владимир,Ильич
Сидоров,Виктор,Фёдорович
Сидоров,Даниил,Артёмович
Сидоров,Сергей,Даниилович
Сидорова,Ева,Максимовна
Сизов,Иван,Дмитриевич
Сизова,Ярослава,Ильинична
Сизова,Олеся,Леоновна
Симонов,Егор,Артемьевич
Симонова,Александра,Ивановна
Симонова,Виктория,Матвеевна
Синицын,Борис,Фёдорович
Скворцов,Вячеслав,Константинович
Смирнов,Александр,Романович
Смирнов,Максим,Тимофеевич
Смирнов,Михаил,Романович
Смирнов,Захар,Даниилович
Смирнов,Денис,Маркович
Смирнов,Алексей,Артёмович
Смирнов,Михаил,Александрович
Смирнов,Александр,Михайлович
Смирнова,Екатерина,Григорьевна
Смирнова,Елизавета,Артёмовна
Смирнова,Арина,Романовна
Смирнова,Алиса,Вадимовна
Смирнова,Диана,Михайловна
Смирнова,Лилия,Платоновна
Смирнова,Виктория,Максимовна
Смирнова,Полина,Тимуровна
Смирнова,Василиса,Артёмовна
Смирнова,Василиса,Васильевна
Смирнова,Ирина,Данииловна
Смирнова,Вероника,Андреевна
Смирнова,Алиса,Марковна
Смирнова,Ульяна,Андреевна
Соболев,Андрей,Тимофеевич
Соболев,Сергей,Вадимович
Соболев,Даниил,Владиславович
Соболев,Николай,Максимович
Соболева,Варвара,Максимовна
Соколов,Алексей,Алексеевич
Соколов,Фёдор,Михайлович
Соколов,Владимир,Алексеевич
Соколов,Константин,Никитич
Соколов,Даниил,Тимофеевич
Соколов,Демид,Никитич
Соколова,Алёна,Романовна
Соколова,Александра,Андреевна
Соколова,Ирина,Егоровна
Соловьев,Руслан,Матвеевич
Соловьев,Демьян,Максимович
Соловьев,Всеволод,Маркович
Соловьев,Евгений,Михайлович
Соловьева,София,Ярославовна
Соловьева,Анастасия,Ярославовна
Соловьева,София,Марковна
Сорокин,Максим,Львович
Сорокин,Никита,Савельевич
Софронов,Михаил,Кириллович
Спиридонов,Руслан,Маркович
Спиридонова,Надежда,Ивановна
Старостина,Надежда,Тимуровна
Степанов,Артём,Тимурович
Степанов,Артём,Максимович
Степанов,Фёдор,Кириллович
Степанов,Пётр,Алексеевич
Степанова,Ирина,Александровна
Степанова,Кира,Денисовна
Степанова,Елизавета,Львовна
Степанова,София,Андреевна
Степанова,Мария,Константиновна
Столяров,Георгий,Тимофеевич
Столяров,Денис,Маркович
Столярова,Ксения,Марковна
Субботин,Степан,Михайлович
Судаков,Олег,Даниилович
Сухарев,Юрий,Михайлович
Сухова,Кристина,Андреевна
Тарасов,Степан,Дмитриевич
Тарасов,Лев,Михайлович
Тарасова,Серафима,Константиновна
Терентьев,Андрей,Максимович
Терентьев,Михаил,Борисович
Терентьева,София,Матвеевна
Тимофеев,Роман,Алексеевич
Тимофеева,Алиса,Артёмовна
Тимофеева,Елизавета,Тимофеевна
Титов,Адам,Степанович
Титов,Мирон,Романович
Титов,Андрей,Георгиевич
Титова,Екатерина,Лукинична
Титова,Александра,Ильинична
Тихомиров,Артём,Кириллович
Тихомиров,Михаил,Сергеевич
Тихонов,Кирилл,Никитич
Тихонова,Арина,Викторовна
Третьякова,Василиса,Робертовна
Трифонов,Николай,Максимович
Трофимова,Варвара,Филиповна
Трофимова,София,Мироновна
Трошина,Анастасия,Михайловна
Туманов,Лев,Борисович
Ульянов,Владислав,Александрович
Ульянов,Глеб,Тимофеевич
Ульянова,Мария,Данииловна
Усов,Дмитрий,Романович
Устинов,Егор,Алексеевич
Ушаков,Олег,Артёмович
Фадеев,Дмитрий,Максимович
Федоров,Егор,Миронович
Федоров,Виктор,Тимофеевич
Федоров,Фёдор,Даниилович
Федоров,Родион,Владиславович
Федоров,Александр,Семёнович
Федорова,Мария,Романовна
Федорова,Дарья,Сергеевна
Федорова,Ксения,Фёдоровна
Федорова,Василиса,Владимировна
Федорова,Ника,Артуровна
Федорова,Полина,Данииловна
Федорова,Вера,Данииловна
Федотов,Марк,Викторович
Федотова,Анна,Леонидовна
Федотова,Екатерина,Матвеевна
Федотова,Виктория,Григорьевна
Федотова,Мирослава,Захаровна
Фетисова,Таисия,Артёмовна
Филатов,Николай,Викторович
Филатов,Роберт,Иванович
Филимонова,Александра,Егоровна
Филиппов,Макар,Никитич
Филиппов,Фёдор,Романович
Филиппов,Максим,Платонович
Филиппова,Ксения,Петровна
Филиппова,София,Всеволодовна
Фирсов,Владимир,Егорович
Фирсова,Алёна,Александровна
Фомин,Алексей,Петрович
Фомин,Егор,Андреевич
Фомин,Всеволод,Фёдорович
Фомина,Валерия,Макаровна
Фомина,Дарья,Георгиевна
Фролов,Артём,Елисеевич
Фролов,Никита,Даниилович
Фролов,Артём,Григорьевич
Фролов,Всеволод,Владиславович
Фролова,Екатерина,Святославовна
Фролова,Дарья,Ивановна
Фролова,Ева,Артёмовна
Харитонов,Алексей,Даниилович
Харитонов,Максим,Иванович
Харитонов,Егор,Евгеньевич
Харитонов,Кирилл,Даниилович
Хомяков,Кирилл,Егорович
Хохлов,Максим,Максимович
Хохлова,Анна,Мироновна
Хохлова,Виктория,Дмитриевна
Худяков,Артём,Львович
Цветков,Илья,Олегович
Черкасов,Артём,Александрович
Чернов,Максим,Тимофеевич
Чернов,Андрей,Артемьевич
Чернов,Даниил,Дмитриевич
Чернов,Артём,Артёмович
Чернова,Анна,Юрьевна
Черный,Иван,Семёнович
Черных,Антон,Алексеевич
Чернышев,Фёдор,Даниилович
Чернышева,Нина,Данииловна
Чернышева,Таисия,Антоновна
Чернышева,София,Михайловна
Чернышева,Елизавета,Дмитриевна
Чижов,Семён,Егорович
Чистякова,София,Максимовна
Чумакова,Александра,Никитична
Шаповалов,Фёдор,Александрович
Шаповалова,Александра,Романовна
Шарова,Арина,Денисовна
Шевелев,Василий,Тимофеевич
Шевцова,Виктория,Артёмовна
Шевцова,Екатерина,Дмитриевна
Шестаков,Сергей,Михайлович
Шилов,Даниил,Адамович
Широкова,Вера,Фёдоровна
Ширяев,Пётр,Кириллович
Ширяев,Кирилл,Святославович
Шишкин,Фёдор,Юрьевич
Шишкин,Ярослав,Иванович
Шувалов,Родион,Степанович
Шувалов,Сергей,Артёмович
Шульгин,Владислав,Владимирович
Шульгин,Артемий,Тимурович
Щеглов,Леонид,Ильич
Щербаков,Александр,Миронович
Щербаков,Алексей,Алексеевич
Щербакова,Маргарита,Ярославовна
Щербакова,Мила,Андреевна
Юдин,Егор,Михайлович
Юдин,Борис,Степанович
Юдина,Дарья,Михайловна
Юдина,Надежда,Алексеевна
Яковлев,Сергей,Александрович
Яковлев,Марк,Савельевич
Яковлева,Валерия,Максимовна
Яковлева,Таисия,Николаевна
Яковлева,Варвара,Станиславовна
Яшина,Мария,Андреевна
